{"g_loss": [5.745238351156987, 1.0287679051498018], "d_loss": [-6.953612936752669, -0.9314280169492822], "fid": [342.92066980341224, 403.4311512267396], "is_score": [1.5159357786178589, 1.5315021276474], "epochs": [0, 1]}